{
  "step_losses": [
    1.2160776853561401,
    0.4802514612674713,
    0.4406026601791382,
    0.30389708280563354,
    0.566697895526886,
    0.5615424513816833,
    0.36054888367652893,
    0.48058247566223145,
    0.828416645526886,
    0.7962412238121033,
    0.3162720203399658,
    0.23379075527191162,
    0.47245168685913086,
    0.4725997745990753,
    0.6389679312705994,
    0.6033293008804321,
    0.42542794346809387,
    0.3828880190849304,
    0.4401518404483795,
    0.8922983407974243,
    0.941689670085907,
    0.8323796987533569,
    0.41562116146087646,
    0.41864320635795593,
    0.40416577458381653,
    0.38917768001556396,
    0.18614080548286438,
    0.21688035130500793,
    0.3011452853679657,
    0.2842954397201538
  ],
  "step_rewards": [
    0.7,
    0.3,
    0.3,
    0.3,
    0.7,
    0.7,
    0.5,
    0.5,
    0.3,
    0.3,
    0.3,
    0.3,
    0.7,
    0.7,
    0.3,
    0.3,
    0.7,
    0.7,
    0.3,
    0.7,
    0.7,
    0.7,
    0.7,
    0.7,
    0.7,
    0.7,
    0.3,
    0.4,
    0.3,
    0.3
  ],
  "epoch_losses": [
    0.6034858465194702,
    0.48781776130199433,
    0.4390139073133469
  ],
  "epoch_rewards": [
    0.45999999999999996,
    0.5,
    0.55
  ]
}