{
  "roi_key": "broca",
  "roi_description": "Broca's area (IFG pars opercularis + triangularis, left)",
  "maximize": true,
  "mock_tribe": false,
  "n_steps": 10,
  "n_completions": 4,
  "best_reward": 0.13506980240345,
  "best_completion": "One fascinating aspect of how our minds process information is that the human brain can generate new words through both conscious and unconscious processes. This ability to create or invent words (synesthesia) allows us to perceive sounds in unusual ways. For example, a person might hear their own name as \"cat\" when they speak it aloud, which isn't always immediately obvious but suggests they have developed this skill. Additionally",
  "step_rewards": [
    [
      0.013531739823520184,
      0.06461185216903687,
      0.0043149059638381,
      0.05277247726917267
    ],
    [
      0.03178474307060242,
      0.005914678331464529,
      0.03194201737642288,
      0.023471228778362274
    ],
    [
      0.053513072431087494,
      0.013626713305711746,
      0.03907860815525055,
      0.03313226252794266
    ],
    [
      0.028111688792705536,
      0.07262153923511505,
      0.06564899533987045,
      0.014837765134871006
    ],
    [
      0.042610153555870056,
      0.040698837488889694,
      0.041946083307266235,
      0.054229024797677994
    ],
    [
      0.02883455716073513,
      0.06136934459209442,
      0.056701406836509705,
      0.043281007558107376
    ],
    [
      0.13506980240345,
      0.03523007780313492,
      0.020908504724502563,
      0.0019041525665670633
    ],
    [
      0.038249798119068146,
      0.04862188920378685,
      0.03557481989264488,
      0.03441784158349037
    ],
    [
      0.03328481316566467,
      0.04255121946334839,
      0.042093425989151,
      0.03623012453317642
    ],
    [
      0.005161023233085871,
      0.06841940432786942,
      0.0028345235623419285,
      0.07847282290458679
    ]
  ],
  "best_rewards": [
    0.06461185216903687,
    0.06461185216903687,
    0.06461185216903687,
    0.07262153923511505,
    0.07262153923511505,
    0.07262153923511505,
    0.13506980240345,
    0.13506980240345,
    0.13506980240345,
    0.13506980240345
  ],
  "step_losses": [
    0.0017241789028048515,
    0.0005077777896076441,
    0.0004995692288503051,
    0.002970726229250431,
    0.0006056278944015503,
    0.0016457894816994667,
    0.013475721701979637,
    0.0009490522206760943,
    0.0002618629368953407,
    -0.002628566697239876
  ],
  "step_kls": [
    0.0,
    0.001178448146674782,
    0.0012375576188787818,
    0.0012377511302474886,
    0.001214462739881128,
    0.0013165466662030667,
    0.0013028727553319186,
    0.00117498601321131,
    0.0010226965096080676,
    0.0012446119508240372
  ]
}